<?xml version="1.0" encoding="UTF-8"?>
<dataroot xmlns:od="urn:schemas-microsoft-com:officedata" generated="2023-03-26T15:05:53">
<Вариант12>
<Год_x0020_изд>NEW</Год_x0020_изд>
<ISBN>978-5-907104-09-9</ISBN>
<Автор_x002C__x0020_название_x0020_книги>Автономная робототехническая система с интеллектуальной диагностикой технического состояния для условий Арктики и Крайнего Севера/ Ю. Кабалдин</Автор_x002C__x0020_название_x0020_книги>
<Стр>144</Стр>
<Пер_x002F_Обл>о</Пер_x002F_Обл>
<Цена_x002C__x0020_руб>600</Цена_x002C__x0020_руб>
</Вариант12>
<Вариант12>
<Год_x0020_изд>NEW</Год_x0020_изд>
<ISBN>978-5-907104-14-3</ISBN>
<Автор_x002C__x0020_название_x0020_книги>Алешин Н. Физические методы неразрушающего контроля сварных соединений. Учеб. Пособие</Автор_x002C__x0020_название_x0020_книги>
<Стр>576</Стр>
<Пер_x002F_Обл>п</Пер_x002F_Обл>
<Цена_x002C__x0020_руб>1550</Цена_x002C__x0020_руб>
</Вариант12>
<Вариант12>
<Год_x0020_изд>2010</Год_x0020_изд>
<ISBN>978-5-94275-571-1</ISBN>
<Автор_x002C__x0020_название_x0020_книги>Андреев В. Инструмент для высокопроизводительного и экологически чистого резания. Б-ка инструментальщика</Автор_x002C__x0020_название_x0020_книги>
<Стр>480</Стр>
<Пер_x002F_Обл>п</Пер_x002F_Обл>
<Цена_x002C__x0020_руб>1000</Цена_x002C__x0020_руб>
</Вариант12>
<Вариант12>
<Год_x0020_изд>2017</Год_x0020_изд>
<ISBN>978-5-9909179-8-9</ISBN>
<Автор_x002C__x0020_название_x0020_книги>Антонов А. Ресурс и срок службы оборудования энергоблоков атомных станций (на примере энергоблоков Смоленской АЭС)</Автор_x002C__x0020_название_x0020_книги>
<Стр>536</Стр>
<Пер_x002F_Обл>п</Пер_x002F_Обл>
<Цена_x002C__x0020_руб>1500</Цена_x002C__x0020_руб>
</Вариант12>
<Вариант12>
<Год_x0020_изд>2015</Год_x0020_изд>
<ISBN>978-5-9906087-6-4</ISBN>
<Автор_x002C__x0020_название_x0020_книги>Анурьев В. Справочник конструктора-машиностроителя. В 3-х тт. </Автор_x002C__x0020_название_x0020_книги>
<Стр>2816</Стр>
<Пер_x002F_Обл>п</Пер_x002F_Обл>
<Цена_x002C__x0020_руб>12100</Цена_x002C__x0020_руб>
</Вариант12>
<Вариант12>
<Год_x0020_изд>2010</Год_x0020_изд>
<ISBN>978-5-94275-498-3</ISBN>
<Автор_x002C__x0020_название_x0020_книги>Бабаев В. Нормирование расхода металлопроката и стальных труб в промышленности. Справочник</Автор_x002C__x0020_название_x0020_книги>
<Стр>160</Стр>
<Пер_x002F_Обл>о</Пер_x002F_Обл>
<Цена_x002C__x0020_руб>500</Цена_x002C__x0020_руб>
</Вариант12>
<Вариант12>
<Год_x0020_изд>NEW</Год_x0020_изд>
<ISBN>978-5-907204-27-3</ISBN>
<Автор_x002C__x0020_название_x0020_книги>Безъязычный В. Основы технологии машностроения. Учебник</Автор_x002C__x0020_название_x0020_книги>
<Стр>568</Стр>
<Пер_x002F_Обл>п</Пер_x002F_Обл>
<Цена_x002C__x0020_руб>1200</Цена_x002C__x0020_руб>
</Вариант12>
<Вариант12>
<Год_x0020_изд>NEW</Год_x0020_изд>
<ISBN>978-5-907104-2</ISBN>
<Автор_x002C__x0020_название_x0020_книги>Богинский А., Чурсин А. Создание перспективной продукции в условиях цифровой экономики</Автор_x002C__x0020_название_x0020_книги>
<Стр>316</Стр>
<Пер_x002F_Обл>п</Пер_x002F_Обл>
<Цена_x002C__x0020_руб>250</Цена_x002C__x0020_руб>
</Вариант12>
<Вариант12>
<Год_x0020_изд>2015</Год_x0020_изд>
<ISBN>978-5-94275-775-5</ISBN>
<Автор_x002C__x0020_название_x0020_книги>Богодухов С. Материаловедение. Учебник</Автор_x002C__x0020_название_x0020_книги>
<Стр>504</Стр>
<Пер_x002F_Обл>п</Пер_x002F_Обл>
<Цена_x002C__x0020_руб>1200</Цена_x002C__x0020_руб>
</Вариант12>
<Вариант12>
<Год_x0020_изд>2018</Год_x0020_изд>
<ISBN>978-5-907104-02-0</ISBN>
<Автор_x002C__x0020_название_x0020_книги>Богодухов С. Курс материаловедения в вопросах и ответах/Учеб. Пособие</Автор_x002C__x0020_название_x0020_книги>
<Стр>352</Стр>
<Пер_x002F_Обл>о</Пер_x002F_Обл>
<Цена_x002C__x0020_руб>900</Цена_x002C__x0020_руб>
</Вариант12>
<Вариант12>
<Год_x0020_изд>2006</Год_x0020_изд>
<ISBN>5-217-03329-0</ISBN>
<Автор_x002C__x0020_название_x0020_книги>Болдин А.  Литейные формовочные материалы. Формовочные, стержневые смеси и покрытия. Справочник</Автор_x002C__x0020_название_x0020_книги>
<Стр>507</Стр>
<Пер_x002F_Обл>п</Пер_x002F_Обл>
<Цена_x002C__x0020_руб>400</Цена_x002C__x0020_руб>
</Вариант12>
<Вариант12>
<Год_x0020_изд>2015</Год_x0020_изд>
<ISBN>978-5-94275-793-9</ISBN>
<Автор_x002C__x0020_название_x0020_книги>Боровский Г., Григорьев С., Маслов А. Современные технологии обработки материалов</Автор_x002C__x0020_название_x0020_книги>
<Стр>304</Стр>
<Пер_x002F_Обл>п</Пер_x002F_Обл>
<Цена_x002C__x0020_руб>1000</Цена_x002C__x0020_руб>
</Вариант12>
<Вариант12>
<Год_x0020_изд>2007</Год_x0020_изд>
<ISBN>978-5-217-03389-8</ISBN>
<Автор_x002C__x0020_название_x0020_книги>Боровский Г.  Справочник инструментальщика</Автор_x002C__x0020_название_x0020_книги>
<Стр>464</Стр>
<Пер_x002F_Обл>п</Пер_x002F_Обл>
<Цена_x002C__x0020_руб>800</Цена_x002C__x0020_руб>
</Вариант12>
<Вариант12>
<Год_x0020_изд>2011</Год_x0020_изд>
<ISBN>978-5-94275-608-6</ISBN>
<Автор_x002C__x0020_название_x0020_книги>Буренок В. Математические методы и модели в теории информационно-измерительных систем. Б-ка разработчика-исследователя</Автор_x002C__x0020_название_x0020_книги>
<Стр>336</Стр>
<Пер_x002F_Обл>п</Пер_x002F_Обл>
<Цена_x002C__x0020_руб>1500</Цена_x002C__x0020_руб>
</Вариант12>
<Вариант12>
<Год_x0020_изд>2010</Год_x0020_изд>
<ISBN>978-5-217-03458-1</ISBN>
<Автор_x002C__x0020_название_x0020_книги>Буренок В. Методология обоснования перспектив развития средств вооруженной борьбы общего назначения. Б-ка разработчика-исследователя</Автор_x002C__x0020_название_x0020_книги>
<Стр>368</Стр>
<Пер_x002F_Обл>п</Пер_x002F_Обл>
<Цена_x002C__x0020_руб>1500</Цена_x002C__x0020_руб>
</Вариант12>
<Вариант12>
<Год_x0020_изд>2015</Год_x0020_изд>
<ISBN>978-5-94275-809-7</ISBN>
<Автор_x002C__x0020_название_x0020_книги>Васильев В. Искусственный интеллект: история в лицах. Учеб. пособие</Автор_x002C__x0020_название_x0020_книги>
<Стр>112</Стр>
<Пер_x002F_Обл>о</Пер_x002F_Обл>
<Цена_x002C__x0020_руб>350</Цена_x002C__x0020_руб>
</Вариант12>
<Вариант12>
<Год_x0020_изд>2012</Год_x0020_изд>
<ISBN>978-5-94275-620-8</ISBN>
<Автор_x002C__x0020_название_x0020_книги>Выжигин А. Гибкие производственные системы. Учеб. пособие</Автор_x002C__x0020_название_x0020_книги>
<Стр>288</Стр>
<Пер_x002F_Обл>о</Пер_x002F_Обл>
<Цена_x002C__x0020_руб>450</Цена_x002C__x0020_руб>
</Вариант12>
<Вариант12>
<Год_x0020_изд>2010</Год_x0020_изд>
<ISBN>978-5-217-03461-1</ISBN>
<Автор_x002C__x0020_название_x0020_книги>Гарбер М. Износостойкие белые чугуны: свойства, структура, технология, эксплуатация                                                         </Автор_x002C__x0020_название_x0020_книги>
<Стр>280</Стр>
<Пер_x002F_Обл>п</Пер_x002F_Обл>
<Цена_x002C__x0020_руб>1100</Цена_x002C__x0020_руб>
</Вариант12>
<Вариант12>
<Год_x0020_изд>2009</Год_x0020_изд>
<ISBN>978-5-94275-427-3</ISBN>
<Автор_x002C__x0020_название_x0020_книги>Гойдо М. Проектирование объемных гидроприводов. Б-ка конструктора</Автор_x002C__x0020_название_x0020_книги>
<Стр>304</Стр>
<Пер_x002F_Обл>п</Пер_x002F_Обл>
<Цена_x002C__x0020_руб>440</Цена_x002C__x0020_руб>
</Вариант12>
<Вариант12>
<Год_x0020_изд>2017</Год_x0020_изд>
<ISBN>978-5-9909601-3-8</ISBN>
<Автор_x002C__x0020_название_x0020_книги>Григорьев В. Основы доводки авиационных ГТД. Учеб. пособие</Автор_x002C__x0020_название_x0020_книги>
<Стр>192</Стр>
<Пер_x002F_Обл>п</Пер_x002F_Обл>
<Цена_x002C__x0020_руб>700</Цена_x002C__x0020_руб>
</Вариант12>
<Вариант12>
<Год_x0020_изд>2014</Год_x0020_изд>
<ISBN>978-5-94275-756-4</ISBN>
<Автор_x002C__x0020_название_x0020_книги>Григорьев С., Волосова М., Маслов А. Высокоэффективные технологии обработки</Автор_x002C__x0020_название_x0020_книги>
<Стр>456</Стр>
<Пер_x002F_Обл>п</Пер_x002F_Обл>
<Цена_x002C__x0020_руб>700</Цена_x002C__x0020_руб>
</Вариант12>
<Вариант12>
<Год_x0020_изд>2009</Год_x0020_изд>
<ISBN>978-5-94275-438-9</ISBN>
<Автор_x002C__x0020_название_x0020_книги>Давыдов Н. Литейные противопригарные покрытия. Справочник</Автор_x002C__x0020_название_x0020_книги>
<Стр>240</Стр>
<Пер_x002F_Обл>п</Пер_x002F_Обл>
<Цена_x002C__x0020_руб>440</Цена_x002C__x0020_руб>
</Вариант12>
<Вариант12>
<Год_x0020_изд>2011</Год_x0020_изд>
<ISBN>978-5-94275-578-2</ISBN>
<Автор_x002C__x0020_название_x0020_книги>Диагностика автоматизированного производства/С.Григорьев</Автор_x002C__x0020_название_x0020_книги>
<Стр>600</Стр>
<Пер_x002F_Обл>п</Пер_x002F_Обл>
<Цена_x002C__x0020_руб>600</Цена_x002C__x0020_руб>
</Вариант12>
<Вариант12>
<Год_x0020_изд>2018</Год_x0020_изд>
<ISBN>978-5-9500364-8-4</ISBN>
<Автор_x002C__x0020_название_x0020_книги>Житомирский Г. Конструкция самолетов. Учебник</Автор_x002C__x0020_название_x0020_книги>
<Стр>416</Стр>
<Пер_x002F_Обл>п</Пер_x002F_Обл>
<Цена_x002C__x0020_руб>2200</Цена_x002C__x0020_руб>
</Вариант12>
<Вариант12>
<Год_x0020_изд>2014</Год_x0020_изд>
<ISBN>978-5-94275-739-7</ISBN>
<Автор_x002C__x0020_название_x0020_книги>Жуков К. Проектирование деталей и узлов машин. Учебник</Автор_x002C__x0020_название_x0020_книги>
<Стр>648</Стр>
<Пер_x002F_Обл>п</Пер_x002F_Обл>
<Цена_x002C__x0020_руб>1500</Цена_x002C__x0020_руб>
</Вариант12>
<Вариант12>
<Год_x0020_изд>2014</Год_x0020_изд>
<ISBN>978-5-94275-703-8</ISBN>
<Автор_x002C__x0020_название_x0020_книги>Инструменты из сверхтвердых материалов/ под ред. Н. Новикова. Б-ка инструментальщика</Автор_x002C__x0020_название_x0020_книги>
<Стр>608</Стр>
<Пер_x002F_Обл>п</Пер_x002F_Обл>
<Цена_x002C__x0020_руб>1200</Цена_x002C__x0020_руб>
</Вариант12>
<Вариант12>
<Год_x0020_изд>NEW</Год_x0020_изд>
<ISBN>978-5-907104-15-0</ISBN>
<Автор_x002C__x0020_название_x0020_книги>Испытания авиационных двигателей/Под. ред. В.Григорьева. Учебник</Автор_x002C__x0020_название_x0020_книги>
<Стр>542</Стр>
<Пер_x002F_Обл>п</Пер_x002F_Обл>
<Цена_x002C__x0020_руб>1500</Цена_x002C__x0020_руб>
</Вариант12>
<Вариант12>
<Год_x0020_изд>2017</Год_x0020_изд>
<ISBN>978-5-9500364-6-0</ISBN>
<Автор_x002C__x0020_название_x0020_книги>Кабалдин Ю. Выбор состава и структуры износостойких наноструктурных покрытий для твердосплавного режущего инструмента на основе квантово-мехнического моделирования. Учеб. пособие</Автор_x002C__x0020_название_x0020_книги>
<Стр>216</Стр>
<Пер_x002F_Обл>о</Пер_x002F_Обл>
<Цена_x002C__x0020_руб>800</Цена_x002C__x0020_руб>
</Вариант12>
<Вариант12>
<Год_x0020_изд>2018</Год_x0020_изд>
<ISBN>978-5-6040281-1-7</ISBN>
<Автор_x002C__x0020_название_x0020_книги>Кабалдин Ю. Повышение эффективности процессов механообработки на основе подходов искусственного интеллекта и нелинейной динамики. Учеб. пособие</Автор_x002C__x0020_название_x0020_книги>
<Стр>179</Стр>
<Пер_x002F_Обл>о</Пер_x002F_Обл>
<Цена_x002C__x0020_руб>800</Цена_x002C__x0020_руб>
</Вариант12>
<Вариант12>
<Год_x0020_изд>NEW</Год_x0020_изд>
<ISBN>978-5-907104-17-4</ISBN>
<Автор_x002C__x0020_название_x0020_книги>Кабалдин Ю. Управление киберфизическими механообрабатывающими системами в цифровом производстве на основе искусственного интеллектаи облачных технологий</Автор_x002C__x0020_название_x0020_книги>
<Стр>296</Стр>
<Пер_x002F_Обл>о</Пер_x002F_Обл>
<Цена_x002C__x0020_руб>1000</Цена_x002C__x0020_руб>
</Вариант12>
<Вариант12>
<Год_x0020_изд>2016</Год_x0020_изд>
<ISBN>978-5-9907638-1-4</ISBN>
<Автор_x002C__x0020_название_x0020_книги>Кирсанов С. Инструментальное обеспечение сверления глубоких и точных отверстий малых диаметров</Автор_x002C__x0020_название_x0020_книги>
<Стр>188</Стр>
<Пер_x002F_Обл>п</Пер_x002F_Обл>
<Цена_x002C__x0020_руб>600</Цена_x002C__x0020_руб>
</Вариант12>
<Вариант12>
<Год_x0020_изд>2010</Год_x0020_изд>
<ISBN>978-5-94275-521-8</ISBN>
<Автор_x002C__x0020_название_x0020_книги>Кирсанов С. Обработка глубоких отверстий в машиностроении. Справочник</Автор_x002C__x0020_название_x0020_книги>
<Стр>344</Стр>
<Пер_x002F_Обл>п</Пер_x002F_Обл>
<Цена_x002C__x0020_руб>900</Цена_x002C__x0020_руб>
</Вариант12>
<Вариант12>
<Год_x0020_изд>2017</Год_x0020_изд>
<ISBN>978-5-9500364-3-9</ISBN>
<Автор_x002C__x0020_название_x0020_книги>Козочкин М. Диагностика и сертификация металлорежущего оборудования. Учеб. пособие</Автор_x002C__x0020_название_x0020_книги>
<Стр>240</Стр>
<Пер_x002F_Обл>п</Пер_x002F_Обл>
<Цена_x002C__x0020_руб>1000</Цена_x002C__x0020_руб>
</Вариант12>
<Вариант12>
<Год_x0020_изд>2010</Год_x0020_изд>
<ISBN>978-5-217-03459-8</ISBN>
<Автор_x002C__x0020_название_x0020_книги>Ковка и штамповка. Справочник в 4-х тт. /Под ред Е. Семенова                                                 Т. 1.  Материалы и нагрев. Оборудование. Ковка                                                          Т. 2. Горячая объемная штамповка          </Автор_x002C__x0020_название_x0020_книги>
<Пер_x002F_Обл>п</Пер_x002F_Обл>
<Цена_x002C__x0020_руб>15000</Цена_x002C__x0020_руб>
</Вариант12>
<Вариант12>
<Год_x0020_изд>2014</Год_x0020_изд>
<ISBN>978-5-94275-713-7</ISBN>
<Автор_x002C__x0020_название_x0020_книги>Кожевников Д. Режущий инструмент. Учебник</Автор_x002C__x0020_название_x0020_книги>
<Стр>520</Стр>
<Пер_x002F_Обл>п</Пер_x002F_Обл>
<Цена_x002C__x0020_руб>1000</Цена_x002C__x0020_руб>
</Вариант12>
<Вариант12>
<Год_x0020_изд>2017</Год_x0020_изд>
<ISBN>978-5-9500364-5-3</ISBN>
<Автор_x002C__x0020_название_x0020_книги>Комиссаров А. Проектирование карьерных экскаваторов</Автор_x002C__x0020_название_x0020_книги>
<Стр>232</Стр>
<Пер_x002F_Обл>п</Пер_x002F_Обл>
<Цена_x002C__x0020_руб>800</Цена_x002C__x0020_руб>
</Вариант12>
<Вариант12>
<Год_x0020_изд>2011</Год_x0020_изд>
<ISBN>978-5-94275-575-1</ISBN>
<Автор_x002C__x0020_название_x0020_книги>Конструирование двигателей внутреннего сгорания/Н. Чайнов. Учебник</Автор_x002C__x0020_название_x0020_книги>
<Стр>496</Стр>
<Пер_x002F_Обл>п</Пер_x002F_Обл>
<Цена_x002C__x0020_руб>700</Цена_x002C__x0020_руб>
</Вариант12>
<Вариант12>
<Год_x0020_изд>2005</Год_x0020_изд>
<ISBN>5-217-03261-8</ISBN>
<Автор_x002C__x0020_название_x0020_книги>Краткий справочник металлиста/ Под. ред. А. Древаля</Автор_x002C__x0020_название_x0020_книги>
<Стр>960</Стр>
<Пер_x002F_Обл>п</Пер_x002F_Обл>
<Цена_x002C__x0020_руб>1650</Цена_x002C__x0020_руб>
</Вариант12>
<Вариант12>
<Год_x0020_изд>2015</Год_x0020_изд>
<ISBN>978-5-9907308-4-7</ISBN>
<Автор_x002C__x0020_название_x0020_книги>Крахин О. Конструкции мобильных антенн и антенн летательных аппаратов. Проектирование и расчет. Учебник</Автор_x002C__x0020_название_x0020_книги>
<Стр>240</Стр>
<Пер_x002F_Обл>п</Пер_x002F_Обл>
<Цена_x002C__x0020_руб>600</Цена_x002C__x0020_руб>
</Вариант12>
<Вариант12>
<Год_x0020_изд>2014</Год_x0020_изд>
<ISBN>978-5-94275-743-4</ISBN>
<Автор_x002C__x0020_название_x0020_книги>Крахин О.Стационарные антенны. Расчет и проектирование конструкций. Учеб. пособие</Автор_x002C__x0020_название_x0020_книги>
<Стр>240</Стр>
<Пер_x002F_Обл>п</Пер_x002F_Обл>
<Цена_x002C__x0020_руб>600</Цена_x002C__x0020_руб>
</Вариант12>
<Вариант12>
<Год_x0020_изд>2018</Год_x0020_изд>
<ISBN>978-5-9908302-2-6</ISBN>
<Автор_x002C__x0020_название_x0020_книги>Кулагин В. Теория, расчет и проектирование авиационных двигателей и энергетических установок. В 2 кн. Кн. 1. Основы теории ГТД. Рабочий процесс и термогазодинамический анализ. Кн. 2. Совместная работа узлов выполненного двигателя и его характеристики.</Автор_x002C__x0020_название_x0020_книги>
<Стр>616</Стр>
<Пер_x002F_Обл>о</Пер_x002F_Обл>
<Цена_x002C__x0020_руб>1700</Цена_x002C__x0020_руб>
</Вариант12>
<Вариант12>
<Год_x0020_изд>2018</Год_x0020_изд>
<ISBN>978-5-907104-01-3</ISBN>
<Автор_x002C__x0020_название_x0020_книги>Кудряшов Е. Приспособления для производства изделий машиностроения. Учебник</Автор_x002C__x0020_название_x0020_книги>
<Стр>220</Стр>
<Пер_x002F_Обл>о</Пер_x002F_Обл>
<Цена_x002C__x0020_руб>600</Цена_x002C__x0020_руб>
</Вариант12>
<Вариант12>
<Год_x0020_изд>2011</Год_x0020_изд>
<ISBN>978-5-217-03489-5</ISBN>
<Автор_x002C__x0020_название_x0020_книги>Кульга К. Модели и методы создания интегрированной информационной системы для автоматизации технической подготовки и управления авиационным и машиностроительным производством</Автор_x002C__x0020_название_x0020_книги>
<Стр>377</Стр>
<Пер_x002F_Обл>о</Пер_x002F_Обл>
<Цена_x002C__x0020_руб>350</Цена_x002C__x0020_руб>
</Вариант12>
<Вариант12>
<Год_x0020_изд>2017</Год_x0020_изд>
<ISBN>978-5-9909179-5-8</ISBN>
<Автор_x002C__x0020_название_x0020_книги>Лабораторные и практические работы по технологии машиностроения/ В. Безъязычный. Учеб. пособие</Автор_x002C__x0020_название_x0020_книги>
<Стр>600</Стр>
<Пер_x002F_Обл>п</Пер_x002F_Обл>
<Цена_x002C__x0020_руб>1200</Цена_x002C__x0020_руб>
</Вариант12>
<Вариант12>
<Год_x0020_изд>2012</Год_x0020_изд>
<ISBN>978-5-217-03507-6</ISBN>
<Автор_x002C__x0020_название_x0020_книги>Лагутин В. Защита абонентского телетрафика. Учеб. пособие</Автор_x002C__x0020_название_x0020_книги>
<Стр>552</Стр>
<Пер_x002F_Обл>п</Пер_x002F_Обл>
<Цена_x002C__x0020_руб>1000</Цена_x002C__x0020_руб>
</Вариант12>
<Вариант12>
<Год_x0020_изд>2007</Год_x0020_изд>
<ISBN>978-5-217-03390-4</ISBN>
<Автор_x002C__x0020_название_x0020_книги>Леликов О. Основы расчета и проектирования деталей и узлов машин. Конспект лекций по курсу «Детали машин»</Автор_x002C__x0020_название_x0020_книги>
<Стр>464</Стр>
<Пер_x002F_Обл>п</Пер_x002F_Обл>
<Цена_x002C__x0020_руб>370</Цена_x002C__x0020_руб>
</Вариант12>
<Вариант12>
<Год_x0020_изд>2017</Год_x0020_изд>
<ISBN>978-5-9908302-9-5</ISBN>
<Автор_x002C__x0020_название_x0020_книги>Леликов О. Подшипники качения. Справочник</Автор_x002C__x0020_название_x0020_книги>
<Стр>667</Стр>
<Пер_x002F_Обл>п</Пер_x002F_Обл>
<Цена_x002C__x0020_руб>4000</Цена_x002C__x0020_руб>
</Вариант12>
<Вариант12>
<Год_x0020_изд>2014</Год_x0020_изд>
<ISBN>978-5-94275-735-9</ISBN>
<Автор_x002C__x0020_название_x0020_книги>Маляров А. Печи литейных цехов. Учеб. пособие</Автор_x002C__x0020_название_x0020_книги>
<Стр>256</Стр>
<Пер_x002F_Обл>п</Пер_x002F_Обл>
<Цена_x002C__x0020_руб>600</Цена_x002C__x0020_руб>
</Вариант12>
<Вариант12>
<Год_x0020_изд>2015</Год_x0020_изд>
<ISBN>978-5-94275-784-7</ISBN>
<Автор_x002C__x0020_название_x0020_книги>Маринюк Б. Расчеты теплообмена в аппаратах и системах низкотемпературных техник</Автор_x002C__x0020_название_x0020_книги>
<Стр>272</Стр>
<Пер_x002F_Обл>п</Пер_x002F_Обл>
<Цена_x002C__x0020_руб>700</Цена_x002C__x0020_руб>
</Вариант12>
<Вариант12>
<Год_x0020_изд>2019</Год_x0020_изд>
<ISBN>978-5-907104-08-2</ISBN>
<Автор_x002C__x0020_название_x0020_книги>Марочник сталей и сплавов / Под ред. А. Зубченко. 6-е издание переработанное и дополненное</Автор_x002C__x0020_название_x0020_книги>
<Стр>1216</Стр>
<Пер_x002F_Обл>п</Пер_x002F_Обл>
<Цена_x002C__x0020_руб>8000</Цена_x002C__x0020_руб>
</Вариант12>
<Вариант12>
<Год_x0020_изд>2006</Год_x0020_изд>
<ISBN>5-217-03351-7</ISBN>
<Автор_x002C__x0020_название_x0020_книги>Маслов А. Инструментальные системы машиностроительных производств. Учебник</Автор_x002C__x0020_название_x0020_книги>
<Стр>336</Стр>
<Пер_x002F_Обл>п</Пер_x002F_Обл>
<Цена_x002C__x0020_руб>330</Цена_x002C__x0020_руб>
</Вариант12>
<Вариант12>
<Год_x0020_изд>2018</Год_x0020_изд>
<ISBN>978-5-6040281-0-0</ISBN>
<Автор_x002C__x0020_название_x0020_книги>Маслов А. Обработка труднообрабатываемых материалов резанием. Учеб. пособие</Автор_x002C__x0020_название_x0020_книги>
<Стр>208</Стр>
<Пер_x002F_Обл>о</Пер_x002F_Обл>
<Цена_x002C__x0020_руб>900</Цена_x002C__x0020_руб>
</Вариант12>
<Вариант12>
<Год_x0020_изд>2012</Год_x0020_изд>
<ISBN>978-5-94275-593-5</ISBN>
<Автор_x002C__x0020_название_x0020_книги>Металлорежущие станки. В 2-х тт. /Под ред. В. Бушуева. Учебник</Автор_x002C__x0020_название_x0020_книги>
<Стр>1192</Стр>
<Пер_x002F_Обл>п</Пер_x002F_Обл>
<Цена_x002C__x0020_руб>2500</Цена_x002C__x0020_руб>
</Вариант12>
<Вариант12>
<Год_x0020_изд>2014</Год_x0020_изд>
<ISBN>978-5-94275-766-3</ISBN>
<Автор_x002C__x0020_название_x0020_книги>Методические аспекты искусственного интеллекта/ М. Гузаиров</Автор_x002C__x0020_название_x0020_книги>
<Стр>262</Стр>
<Пер_x002F_Обл>о</Пер_x002F_Обл>
<Цена_x002C__x0020_руб>550</Цена_x002C__x0020_руб>
</Вариант12>
<Вариант12>
<Год_x0020_изд>2008</Год_x0020_изд>
<ISBN>978-5-217-03435-2</ISBN>
<Автор_x002C__x0020_название_x0020_книги>Нестеров В. Проектирование установок ракетного вооружения летательных аппаратов. Б-ка разработчика-исследователя</Автор_x002C__x0020_название_x0020_книги>
<Стр>288</Стр>
<Пер_x002F_Обл>п</Пер_x002F_Обл>
<Цена_x002C__x0020_руб>1500</Цена_x002C__x0020_руб>
</Вариант12>
<Вариант12>
<Год_x0020_изд>2014</Год_x0020_изд>
<ISBN>978-5-94275-734-2</ISBN>
<Автор_x002C__x0020_название_x0020_книги>Осинцев О. Диаграммы состояния двойных и тройных систем.Фазовые равновесия в сплавах. Учеб. пособие</Автор_x002C__x0020_название_x0020_книги>
<Стр>352</Стр>
<Пер_x002F_Обл>п</Пер_x002F_Обл>
<Цена_x002C__x0020_руб>1000</Цена_x002C__x0020_руб>
</Вариант12>
<Вариант12>
<Год_x0020_изд>2016</Год_x0020_изд>
<ISBN>978-5-9907638-3-8</ISBN>
<Автор_x002C__x0020_название_x0020_книги>Осинцев О. Медь и медные сплавы. Отечественные и зарубежные марки </Автор_x002C__x0020_название_x0020_книги>
<Стр>360</Стр>
<Пер_x002F_Обл>п</Пер_x002F_Обл>
<Цена_x002C__x0020_руб>1300</Цена_x002C__x0020_руб>
</Вариант12>
<Вариант12>
<Год_x0020_изд>2013</Год_x0020_изд>
<ISBN>978-5-94275-720-5</ISBN>
<Автор_x002C__x0020_название_x0020_книги>Осинцев О. Металловедение тугоплавких металлов и сплавов на их основе. Учеб. пособие</Автор_x002C__x0020_название_x0020_книги>
<Стр>156</Стр>
<Пер_x002F_Обл>о</Пер_x002F_Обл>
<Цена_x002C__x0020_руб>400</Цена_x002C__x0020_руб>
</Вариант12>
<Вариант12>
<Год_x0020_изд>2013</Год_x0020_изд>
<ISBN>978-5-94275-701-4</ISBN>
<Автор_x002C__x0020_название_x0020_книги>Пенкин Н. Гуммированные детали машин</Автор_x002C__x0020_название_x0020_книги>
<Стр>245</Стр>
<Пер_x002F_Обл>о</Пер_x002F_Обл>
<Цена_x002C__x0020_руб>500</Цена_x002C__x0020_руб>
</Вариант12>
<Вариант12>
<Год_x0020_изд>2009</Год_x0020_изд>
<ISBN>978-5-94275-494-5</ISBN>
<Автор_x002C__x0020_название_x0020_книги>Полетаев В. Глубинное шлифование лопаток турбин. Б-ка технолога</Автор_x002C__x0020_название_x0020_книги>
<Стр>272</Стр>
<Пер_x002F_Обл>п</Пер_x002F_Обл>
<Цена_x002C__x0020_руб>440</Цена_x002C__x0020_руб>
</Вариант12>
<Вариант12>
<Год_x0020_изд>2018</Год_x0020_изд>
<ISBN>978-5-6040281-5-5</ISBN>
<Автор_x002C__x0020_название_x0020_книги>Проектирование самолетов/ М. Погосян. Учебник</Автор_x002C__x0020_название_x0020_книги>
<Стр>864</Стр>
<Пер_x002F_Обл>п</Пер_x002F_Обл>
<Цена_x002C__x0020_руб>3000</Цена_x002C__x0020_руб>
</Вариант12>
<Вариант12>
<Год_x0020_изд>2005</Год_x0020_изд>
<ISBN>5-217-03283-9</ISBN>
<Автор_x002C__x0020_название_x0020_книги>Пухальский В. Как читать чертежи и технологические документы. Серия справочников для рабочих</Автор_x002C__x0020_название_x0020_книги>
<Стр>144</Стр>
<Пер_x002F_Обл>п</Пер_x002F_Обл>
<Цена_x002C__x0020_руб>330</Цена_x002C__x0020_руб>
</Вариант12>
<Вариант12>
<Год_x0020_изд>2007</Год_x0020_изд>
<ISBN>978-5-217-03379-9</ISBN>
<Автор_x002C__x0020_название_x0020_книги>Пуховой А. Руководство по техническому обслуживанию и ремонту тракторов «Беларус» серий 500, 800, 900</Автор_x002C__x0020_название_x0020_книги>
<Стр>438</Стр>
<Пер_x002F_Обл>п </Пер_x002F_Обл>
<Цена_x002C__x0020_руб>1100</Цена_x002C__x0020_руб>
</Вариант12>
<Вариант12>
<Год_x0020_изд>2008</Год_x0020_изд>
<ISBN>978-5-217-03402-4</ISBN>
<Автор_x002C__x0020_название_x0020_книги>Разделение неуправляемых снарядов систем залпового огня/Б. Кэрт. Б-ка разработчика-исследователя</Автор_x002C__x0020_название_x0020_книги>
<Стр>440</Стр>
<Пер_x002F_Обл>п </Пер_x002F_Обл>
<Цена_x002C__x0020_руб>1500</Цена_x002C__x0020_руб>
</Вариант12>
<Вариант12>
<Год_x0020_изд>2017</Год_x0020_изд>
<ISBN>978-5-9909601-5-2</ISBN>
<Автор_x002C__x0020_название_x0020_книги>Румянцев Л. Проектирование автоатизированных автомобильных передач</Автор_x002C__x0020_название_x0020_книги>
<Стр>288</Стр>
<Пер_x002F_Обл>п</Пер_x002F_Обл>
<Цена_x002C__x0020_руб>800</Цена_x002C__x0020_руб>
</Вариант12>
<Вариант12>
<Год_x0020_изд>2014</Год_x0020_изд>
<ISBN>978-5-94275-754-0</ISBN>
<Автор_x002C__x0020_название_x0020_книги>Савиных В. Оптико- электронные системы дистанционного зондирования. Учебник</Автор_x002C__x0020_название_x0020_книги>
<Стр>432</Стр>
<Пер_x002F_Обл>п</Пер_x002F_Обл>
<Цена_x002C__x0020_руб>1100</Цена_x002C__x0020_руб>
</Вариант12>
<Вариант12>
<Год_x0020_изд>2015</Год_x0020_изд>
<ISBN>978-5-94275-774-8</ISBN>
<Автор_x002C__x0020_название_x0020_книги>Садаков Г. Неравновесная электрохимия в гальванопластике</Автор_x002C__x0020_название_x0020_книги>
<Стр>80</Стр>
<Пер_x002F_Обл>п</Пер_x002F_Обл>
<Цена_x002C__x0020_руб>200</Цена_x002C__x0020_руб>
</Вариант12>
<Вариант12>
<Год_x0020_изд>2006</Год_x0020_изд>
<ISBN>5-217-03354-1</ISBN>
<Автор_x002C__x0020_название_x0020_книги>Самарин Ю. Высшая математика. Учеб. пособие</Автор_x002C__x0020_название_x0020_книги>
<Стр>432</Стр>
<Пер_x002F_Обл>п</Пер_x002F_Обл>
<Цена_x002C__x0020_руб>400</Цена_x002C__x0020_руб>
</Вариант12>
<Вариант12>
<Год_x0020_изд>2008</Год_x0020_изд>
<ISBN>978-5-217-03438-3</ISBN>
<Автор_x002C__x0020_название_x0020_книги>Свешников В. Станочные гидроприводы. Справочник. Б-ка конструктора</Автор_x002C__x0020_название_x0020_книги>
<Стр>640</Стр>
<Пер_x002F_Обл>п</Пер_x002F_Обл>
<Цена_x002C__x0020_руб>1000</Цена_x002C__x0020_руб>
</Вариант12>
<Вариант12>
<Год_x0020_изд>2009</Год_x0020_изд>
<ISBN>978-5-217-03441-3</ISBN>
<Автор_x002C__x0020_название_x0020_книги>Сердюк В. Проектирование средств выведения космических аппаратов: учеб. пособие для вузов/ под ред. А.Медведева.</Автор_x002C__x0020_название_x0020_книги>
<Стр>504</Стр>
<Пер_x002F_Обл>п</Пер_x002F_Обл>
<Цена_x002C__x0020_руб>600</Цена_x002C__x0020_руб>
</Вариант12>
<Вариант12>
<Год_x0020_изд>2018</Год_x0020_изд>
<ISBN>978-5-6040281-3-1</ISBN>
<Автор_x002C__x0020_название_x0020_книги>Сибикин М. Современное металлообрабатывающее оборудование. Справочник</Автор_x002C__x0020_название_x0020_книги>
<Стр>316</Стр>
<Пер_x002F_Обл>о</Пер_x002F_Обл>
<Цена_x002C__x0020_руб>1500</Цена_x002C__x0020_руб>
</Вариант12>
<Вариант12>
<Год_x0020_изд>2005</Год_x0020_изд>
<ISBN>5-217-03316-9</ISBN>
<Автор_x002C__x0020_название_x0020_книги>Системы управления вооружением истребителей: Основы  интеллекта многофункционального самолета/ Л. Баханов. Б-ка разработчика-исследователя</Автор_x002C__x0020_название_x0020_книги>
<Стр>400</Стр>
<Пер_x002F_Обл>п</Пер_x002F_Обл>
<Цена_x002C__x0020_руб>1500</Цена_x002C__x0020_руб>
</Вариант12>
<Вариант12>
<Год_x0020_изд>2015</Год_x0020_изд>
<ISBN>978-5-94275-777-9</ISBN>
<Автор_x002C__x0020_название_x0020_книги>Скопинцев В. Качество электроэнергетических систем: надежность, безопасность, экономичность, живучесть</Автор_x002C__x0020_название_x0020_книги>
<Стр>352</Стр>
<Пер_x002F_Обл>п</Пер_x002F_Обл>
<Цена_x002C__x0020_руб>1200</Цена_x002C__x0020_руб>
</Вариант12>
<Вариант12>
<Год_x0020_изд>2009</Год_x0020_изд>
<ISBN>978-5-217-03450-5</ISBN>
<Автор_x002C__x0020_название_x0020_книги>Сойфер В. Выплавка стали в кислых электропечах</Автор_x002C__x0020_название_x0020_книги>
<Стр>480</Стр>
<Пер_x002F_Обл>п</Пер_x002F_Обл>
<Цена_x002C__x0020_руб>880</Цена_x002C__x0020_руб>
</Вариант12>
<Вариант12>
<Год_x0020_изд>2013</Год_x0020_изд>
<ISBN>978-5-94275-661-1</ISBN>
<Автор_x002C__x0020_название_x0020_книги>Соломатин В. Оптические и оптико-электронные приборы в геодезии,строительстве и архитектуре. Учеб. пособие</Автор_x002C__x0020_название_x0020_книги>
<Стр>288</Стр>
<Пер_x002F_Обл>п</Пер_x002F_Обл>
<Цена_x002C__x0020_руб>550</Цена_x002C__x0020_руб>
</Вариант12>
<Вариант12>
<Год_x0020_изд>2018</Год_x0020_изд>
<ISBN>978-5-6040281-2-4</ISBN>
<Автор_x002C__x0020_название_x0020_книги>Соломатин В. История науки. Учеб. пособие</Автор_x002C__x0020_название_x0020_книги>
<Стр>368</Стр>
<Пер_x002F_Обл>п</Пер_x002F_Обл>
<Цена_x002C__x0020_руб>1500</Цена_x002C__x0020_руб>
</Вариант12>
<Вариант12>
<Год_x0020_изд>2015</Год_x0020_изд>
<ISBN>978-5-94275-786-1</ISBN>
<Автор_x002C__x0020_название_x0020_книги>Сонкин В. Регулируемый клапанный привод автомобильного двигателя</Автор_x002C__x0020_название_x0020_книги>
<Стр>124</Стр>
<Пер_x002F_Обл>о</Пер_x002F_Обл>
<Цена_x002C__x0020_руб>300</Цена_x002C__x0020_руб>
</Вариант12>
<Вариант12>
<Год_x0020_изд>2011</Год_x0020_изд>
<ISBN>987-5-94275-596-6</ISBN>
<Автор_x002C__x0020_название_x0020_книги>Сосенушкин Е. Прогрессивные процессы объемной штамповки</Автор_x002C__x0020_название_x0020_книги>
<Стр>480</Стр>
<Пер_x002F_Обл>п</Пер_x002F_Обл>
<Цена_x002C__x0020_руб>600</Цена_x002C__x0020_руб>
</Вариант12>
<Вариант12>
<Год_x0020_изд>2006</Год_x0020_изд>
<ISBN>5-217-03353-3</ISBN>
<Автор_x002C__x0020_название_x0020_книги>Справочник конструктора-инструментальщика/Под общ. ред. В. Гречишникова. Б-ка конструктора</Автор_x002C__x0020_название_x0020_книги>
<Стр>542</Стр>
<Пер_x002F_Обл>п</Пер_x002F_Обл>
<Цена_x002C__x0020_руб>800</Цена_x002C__x0020_руб>
</Вариант12>
<Вариант12>
<Год_x0020_изд>2011</Год_x0020_изд>
<ISBN>978-5-94275-579-9</ISBN>
<Автор_x002C__x0020_название_x0020_книги>Справочник кузнеца/В. Безъязычный</Автор_x002C__x0020_название_x0020_книги>
<Стр>360</Стр>
<Пер_x002F_Обл>п</Пер_x002F_Обл>
<Цена_x002C__x0020_руб>440</Цена_x002C__x0020_руб>
</Вариант12>
<Вариант12>
<Год_x0020_изд>NEW</Год_x0020_изд>
<ISBN>978-5-907104-23-5</ISBN>
<Автор_x002C__x0020_название_x0020_книги>Справочник технолога/Под общ. Ред. А. Суслова</Автор_x002C__x0020_название_x0020_книги>
<Стр>800</Стр>
<Пер_x002F_Обл>п</Пер_x002F_Обл>
<Цена_x002C__x0020_руб>9500</Цена_x002C__x0020_руб>
</Вариант12>
<Вариант12>
<Год_x0020_изд>2018</Год_x0020_изд>
<ISBN>978-5-6040281-8-6</ISBN>
<Автор_x002C__x0020_название_x0020_книги>Справочник технолога-машиностроителя. В 2-х тт. /Под ред А. Васильева, А. Кутина</Автор_x002C__x0020_название_x0020_книги>
<Стр>1574</Стр>
<Пер_x002F_Обл>п</Пер_x002F_Обл>
<Цена_x002C__x0020_руб>15000</Цена_x002C__x0020_руб>
</Вариант12>
<Вариант12>
<Год_x0020_изд>2008</Год_x0020_изд>
<ISBN>978-5-217-03446-8</ISBN>
<Автор_x002C__x0020_название_x0020_книги>Стали и сплавы энергетического оборудования/С. Рыжов. Справочник</Автор_x002C__x0020_название_x0020_книги>
<Стр>960</Стр>
<Пер_x002F_Обл>п</Пер_x002F_Обл>
<Цена_x002C__x0020_руб>6000</Цена_x002C__x0020_руб>
</Вариант12>
<Вариант12>
<Год_x0020_изд>2009</Год_x0020_изд>
<ISBN>978-5-94275-460-0</ISBN>
<Автор_x002C__x0020_название_x0020_книги>Старков В. Физика и оптимизация резания материалов</Автор_x002C__x0020_название_x0020_книги>
<Стр>640</Стр>
<Пер_x002F_Обл>п</Пер_x002F_Обл>
<Цена_x002C__x0020_руб>880</Цена_x002C__x0020_руб>
</Вариант12>
<Вариант12>
<Год_x0020_изд>2010</Год_x0020_изд>
<ISBN>978-5-94275-522-5</ISBN>
<Автор_x002C__x0020_название_x0020_книги>Стратиевский И. Абразивная обработка. Справочник</Автор_x002C__x0020_название_x0020_книги>
<Стр>352</Стр>
<Пер_x002F_Обл>п</Пер_x002F_Обл>
<Цена_x002C__x0020_руб>700</Цена_x002C__x0020_руб>
</Вариант12>
<Вариант12>
<Год_x0020_изд>2012</Год_x0020_изд>
<ISBN>978-5-94275-652-9</ISBN>
<Автор_x002C__x0020_название_x0020_книги>Стрижиус В. Методы расчета усталостной долговечности элементов авиаконструкций</Автор_x002C__x0020_название_x0020_книги>
<Стр>272</Стр>
<Пер_x002F_Обл>п</Пер_x002F_Обл>
<Цена_x002C__x0020_руб>700</Цена_x002C__x0020_руб>
</Вариант12>
<Вариант12>
<Год_x0020_изд>2013</Год_x0020_изд>
<ISBN>978-5-94275-666-6</ISBN>
<Автор_x002C__x0020_название_x0020_книги>Тавер Е. Введение в управление качеством. Учеб. пособие</Автор_x002C__x0020_название_x0020_книги>
<Стр>368</Стр>
<Пер_x002F_Обл>о</Пер_x002F_Обл>
<Цена_x002C__x0020_руб>600</Цена_x002C__x0020_руб>
</Вариант12>
<Вариант12>
<Год_x0020_изд>2011</Год_x0020_изд>
<ISBN>978-5-94275-601-7</ISBN>
<Автор_x002C__x0020_название_x0020_книги>Твердотопливные регулируемые двигательные установки/А. Липанов. Б-ка разработчика-исследователя</Автор_x002C__x0020_название_x0020_книги>
<Стр>416</Стр>
<Пер_x002F_Обл>п</Пер_x002F_Обл>
<Цена_x002C__x0020_руб>1500</Цена_x002C__x0020_руб>
</Вариант12>
<Вариант12>
<Год_x0020_изд>NEW</Год_x0020_изд>
<ISBN>978-5-907104-16-7</ISBN>
<Автор_x002C__x0020_название_x0020_книги>Теоретические основы литейного производстваю Теория формирования отливки. Учебник/Е. Чернышов</Автор_x002C__x0020_название_x0020_книги>
<Стр>480</Стр>
<Пер_x002F_Обл>п</Пер_x002F_Обл>
<Цена_x002C__x0020_руб>1000</Цена_x002C__x0020_руб>
</Вариант12>
<Вариант12>
<Год_x0020_изд>2012</Год_x0020_изд>
<ISBN>978-5-94275-602-4</ISBN>
<Автор_x002C__x0020_название_x0020_книги>Техническая механика в 4-х книгах/Д. Чернилевский. Учебник                                                                                             Кн. 1. Теоретическая механика                                                                           </Автор_x002C__x0020_название_x0020_книги>
<Стр>552</Стр>
<Пер_x002F_Обл>о</Пер_x002F_Обл>
<Цена_x002C__x0020_руб>1000</Цена_x002C__x0020_руб>
</Вариант12>
<Вариант12>
<Год_x0020_изд>2012</Год_x0020_изд>
<ISBN>978-5-283-03290-0</ISBN>
<Автор_x002C__x0020_название_x0020_книги>Техническое диагностирование арматуры АЭС / С.Сейнов</Автор_x002C__x0020_название_x0020_книги>
<Стр>452</Стр>
<Пер_x002F_Обл>о</Пер_x002F_Обл>
<Цена_x002C__x0020_руб>800</Цена_x002C__x0020_руб>
</Вариант12>
<Вариант12>
<Год_x0020_изд>2014</Год_x0020_изд>
<ISBN>978-5-94275-709-0</ISBN>
<Автор_x002C__x0020_название_x0020_книги>Технология и инструменты отделочно-упрочняющей обработки деталей поверхностным пластическим деформированием в 2-х тт./А. Суслов</Автор_x002C__x0020_название_x0020_книги>
<Стр>924</Стр>
<Пер_x002F_Обл>п</Пер_x002F_Обл>
<Цена_x002C__x0020_руб>3000</Цена_x002C__x0020_руб>
</Вариант12>
<Вариант12>
<Год_x0020_изд>2018</Год_x0020_изд>
<ISBN>978-5-907104-04-4</ISBN>
<Автор_x002C__x0020_название_x0020_книги>Технология литейного производства. Литейные материалы для изготовления песчаных форм и стержней/Чернышов Е.  Учебник</Автор_x002C__x0020_название_x0020_книги>
<Стр>360</Стр>
<Пер_x002F_Обл>о</Пер_x002F_Обл>
<Цена_x002C__x0020_руб>1000</Цена_x002C__x0020_руб>
</Вариант12>
<Вариант12>
<Год_x0020_изд>2008</Год_x0020_изд>
<ISBN>978-5-217-03436-9</ISBN>
<Автор_x002C__x0020_название_x0020_книги>Ультразвуковая дефектометрия металлов с применением голографических методов/Под ред. А. Вопилкина</Автор_x002C__x0020_название_x0020_книги>
<Стр>368</Стр>
<Пер_x002F_Обл>п</Пер_x002F_Обл>
<Цена_x002C__x0020_руб>1500</Цена_x002C__x0020_руб>
</Вариант12>
<Вариант12>
<Год_x0020_изд>2003</Год_x0020_изд>
<ISBN>5-217-03194-8</ISBN>
<Автор_x002C__x0020_название_x0020_книги>Фаворский В. Космонавтика и ракетно-космическая промышленность. В 2 кн. Кн.1. Зарождение и становление (1946-1975). Кн.2. Развитие отрасли (1976-1992)</Автор_x002C__x0020_название_x0020_книги>
<Стр>774</Стр>
<Пер_x002F_Обл>п</Пер_x002F_Обл>
<Цена_x002C__x0020_руб>1500</Цена_x002C__x0020_руб>
</Вариант12>
<Вариант12>
<Год_x0020_изд>2017</Год_x0020_изд>
<ISBN>978-5-9909179-3-4</ISBN>
<Автор_x002C__x0020_название_x0020_книги>Федосов С. Основы технологии сварки. Учеб. пособие</Автор_x002C__x0020_название_x0020_книги>
<Стр>125</Стр>
<Пер_x002F_Обл>о</Пер_x002F_Обл>
<Цена_x002C__x0020_руб>500</Цена_x002C__x0020_руб>
</Вариант12>
<Вариант12>
<Год_x0020_изд>2010</Год_x0020_изд>
<ISBN>978-5-217-03478-9</ISBN>
<Автор_x002C__x0020_название_x0020_книги>Формирование рационального облика перспективных авиационных ракетных систем и комплексов/В. Панов. Б-ка разработчика-исследователя</Автор_x002C__x0020_название_x0020_книги>
<Стр>608</Стр>
<Пер_x002F_Обл>п</Пер_x002F_Обл>
<Цена_x002C__x0020_руб>1500</Цена_x002C__x0020_руб>
</Вариант12>
<Вариант12>
<Год_x0020_изд>2006</Год_x0020_изд>
<ISBN>5-217-03327-4</ISBN>
<Автор_x002C__x0020_название_x0020_книги>Чернышов Е. Литейные сплавы и их зарубежные аналоги. Справочник</Автор_x002C__x0020_название_x0020_книги>
<Стр>336</Стр>
<Пер_x002F_Обл>п</Пер_x002F_Обл>
<Цена_x002C__x0020_руб>800</Цена_x002C__x0020_руб>
</Вариант12>
<Вариант12>
<Год_x0020_изд>2017</Год_x0020_изд>
<ISBN>978-5-9909179-1-0</ISBN>
<Автор_x002C__x0020_название_x0020_книги>Чернышов Е. Литейные технологии. Основы проектирования в примерах и задачах. Учеб. пособие</Автор_x002C__x0020_название_x0020_книги>
<Стр>288</Стр>
<Пер_x002F_Обл>п</Пер_x002F_Обл>
<Цена_x002C__x0020_руб>800</Цена_x002C__x0020_руб>
</Вариант12>
<Вариант12>
<Год_x0020_изд>2002</Год_x0020_изд>
<ISBN>5-217-03112-3</ISBN>
<Автор_x002C__x0020_название_x0020_книги>Шавров В. История конструкций самолетов в СССР до 1938 г.</Автор_x002C__x0020_название_x0020_книги>
<Стр>704</Стр>
<Пер_x002F_Обл>п</Пер_x002F_Обл>
<Цена_x002C__x0020_руб>1000</Цена_x002C__x0020_руб>
</Вариант12>
<Вариант12>
<Год_x0020_изд>2009</Год_x0020_изд>
<ISBN>978-5-94275-437-2</ISBN>
<Автор_x002C__x0020_название_x0020_книги>Шарипов В. Конструирование и расчет тракторов. Учебник</Автор_x002C__x0020_название_x0020_книги>
<Стр>752</Стр>
<Пер_x002F_Обл>п</Пер_x002F_Обл>
<Цена_x002C__x0020_руб>700</Цена_x002C__x0020_руб>
</Вариант12>
<Вариант12>
<Год_x0020_изд>NEW</Год_x0020_изд>
<ISBN>978-5-907104-19-8</ISBN>
<Автор_x002C__x0020_название_x0020_книги>Шарипов В. Тракторы. Конструкция</Автор_x002C__x0020_название_x0020_книги>
<Стр>804</Стр>
<Пер_x002F_Обл>п</Пер_x002F_Обл>
<Цена_x002C__x0020_руб>2000</Цена_x002C__x0020_руб>
</Вариант12>
<Вариант12>
<Год_x0020_изд>NEW</Год_x0020_изд>
<ISBN>978-5-907104-13-6</ISBN>
<Автор_x002C__x0020_название_x0020_книги>Шленский О. Акустика высоких частоти больших чисел Маха</Автор_x002C__x0020_название_x0020_книги>
<Стр>88</Стр>
<Пер_x002F_Обл>о</Пер_x002F_Обл>
<Цена_x002C__x0020_руб>250</Цена_x002C__x0020_руб>
</Вариант12>
<Вариант12>
<Год_x0020_изд>2018</Год_x0020_изд>
<ISBN>978-5-6040794-4-7</ISBN>
<Автор_x002C__x0020_название_x0020_книги>Шленский О. Теория волн звука и детонации. Новые аспекты</Автор_x002C__x0020_название_x0020_книги>
<Стр>56</Стр>
<Пер_x002F_Обл>о</Пер_x002F_Обл>
<Цена_x002C__x0020_руб>200</Цена_x002C__x0020_руб>
</Вариант12>
<Вариант12>
<Год_x0020_изд>2014</Год_x0020_изд>
<ISBN>978-5-94275-755-7</ISBN>
<Автор_x002C__x0020_название_x0020_книги>Электромеханические системы с высокоэрцинитивными постоянными магнитами/Ф. Исмагилов</Автор_x002C__x0020_название_x0020_книги>
<Стр>262</Стр>
<Пер_x002F_Обл>о</Пер_x002F_Обл>
<Цена_x002C__x0020_руб>700</Цена_x002C__x0020_руб>
</Вариант12>
<Вариант12>
<Автор_x002C__x0020_название_x0020_книги>Машиностроение. Энциклопедия</Автор_x002C__x0020_название_x0020_книги>
</Вариант12>
<Вариант12>
<Год_x0020_изд>2003</Год_x0020_изд>
<ISBN>5-217-01951-4</ISBN>
<Автор_x002C__x0020_название_x0020_книги>Математика. Т. I-1.</Автор_x002C__x0020_название_x0020_книги>
<Стр>992</Стр>
<Пер_x002F_Обл>п</Пер_x002F_Обл>
<Цена_x002C__x0020_руб>5000</Цена_x002C__x0020_руб>
</Вариант12>
<Вариант12>
<Год_x0020_изд>2003</Год_x0020_изд>
<ISBN>5-217-02912-9</ISBN>
<Автор_x002C__x0020_название_x0020_книги>Теоретическая механика. Термодинамика. Теплообмен. Т. I-2</Автор_x002C__x0020_название_x0020_книги>
<Стр>600</Стр>
<Пер_x002F_Обл>п</Пер_x002F_Обл>
<Цена_x002C__x0020_руб>5000</Цена_x002C__x0020_руб>
</Вариант12>
<Вариант12>
<Год_x0020_изд>1994</Год_x0020_изд>
<ISBN>5-217-01952-2</ISBN>
<Автор_x002C__x0020_название_x0020_книги>Динамика и прочность машин. Теория механизмов и машин. Т.I-3. Кн.1</Автор_x002C__x0020_название_x0020_книги>
<Стр>534</Стр>
<Пер_x002F_Обл>п</Пер_x002F_Обл>
<Цена_x002C__x0020_руб>5000</Цена_x002C__x0020_руб>
</Вариант12>
<Вариант12>
<Год_x0020_изд>1995</Год_x0020_изд>
<ISBN>5-217-01952-2</ISBN>
<Автор_x002C__x0020_название_x0020_книги>Динамика и прочность машин. Теория механизмов и машин. Т.I-3. Кн.2</Автор_x002C__x0020_название_x0020_книги>
<Стр>624</Стр>
<Пер_x002F_Обл>п</Пер_x002F_Обл>
<Цена_x002C__x0020_руб>5000</Цена_x002C__x0020_руб>
</Вариант12>
<Вариант12>
<Год_x0020_изд>2002</Год_x0020_изд>
<ISBN>5-217-03134-4</ISBN>
<Автор_x002C__x0020_название_x0020_книги>Стандартизация и сертификация в машиностроении. Т. I-5</Автор_x002C__x0020_название_x0020_книги>
<Стр>672</Стр>
<Пер_x002F_Обл>п</Пер_x002F_Обл>
<Цена_x002C__x0020_руб>5000</Цена_x002C__x0020_руб>
</Вариант12>
<Вариант12>
<Год_x0020_изд>2010</Год_x0020_изд>
<ISBN>978-5-217-03469-7</ISBN>
<Автор_x002C__x0020_название_x0020_книги>Физико-механические свойства. Испытания металлических материалов.Т.II-1</Автор_x002C__x0020_название_x0020_книги>
<Стр>852</Стр>
<Пер_x002F_Обл>п</Пер_x002F_Обл>
<Цена_x002C__x0020_руб>5000</Цена_x002C__x0020_руб>
</Вариант12>
<Вариант12>
<Год_x0020_изд>2005</Год_x0020_изд>
<ISBN>5-217-03256-1</ISBN>
<Автор_x002C__x0020_название_x0020_книги>Неметаллические конструкционные материалы. Т. II-4</Автор_x002C__x0020_название_x0020_книги>
<Стр>464</Стр>
<Пер_x002F_Обл>п</Пер_x002F_Обл>
<Цена_x002C__x0020_руб>5000</Цена_x002C__x0020_руб>
</Вариант12>
<Вариант12>
<Год_x0020_изд>2005</Год_x0020_изд>
<ISBN>5-217-03287-1</ISBN>
<Автор_x002C__x0020_название_x0020_книги>Технологическая подготовка производства. Проектирование и обеспечение деятельности предприятия. Т. III-1</Автор_x002C__x0020_название_x0020_книги>
<Стр>576</Стр>
<Пер_x002F_Обл>п</Пер_x002F_Обл>
<Цена_x002C__x0020_руб>5000</Цена_x002C__x0020_руб>
</Вариант12>
<Вариант12>
<Год_x0020_изд>1996</Год_x0020_изд>
<ISBN>5-217-02420-8</ISBN>
<Автор_x002C__x0020_название_x0020_книги>Технологии заготовительных производств. Т. III-2</Автор_x002C__x0020_название_x0020_книги>
<Стр>736</Стр>
<Пер_x002F_Обл>п</Пер_x002F_Обл>
<Цена_x002C__x0020_руб>5000</Цена_x002C__x0020_руб>
</Вариант12>
<Вариант12>
<Год_x0020_изд>2006</Год_x0020_изд>
<ISBN>5-217-01959-Х</ISBN>
<Автор_x002C__x0020_название_x0020_книги>Технология сборки в машиностроении. Т. III-5</Автор_x002C__x0020_название_x0020_книги>
<Стр>640</Стр>
<Пер_x002F_Обл>п</Пер_x002F_Обл>
<Цена_x002C__x0020_руб>5000</Цена_x002C__x0020_руб>
</Вариант12>
<Вариант12>
<Год_x0020_изд>2006</Год_x0020_изд>
<ISBN>5-217-03017-8</ISBN>
<Автор_x002C__x0020_название_x0020_книги>Технология производства изделий из композиционных материалов, пластмасс, стекла и керамики. Т. III-6</Автор_x002C__x0020_название_x0020_книги>
<Стр>576</Стр>
<Пер_x002F_Обл>п</Пер_x002F_Обл>
<Цена_x002C__x0020_руб>5000</Цена_x002C__x0020_руб>
</Вариант12>
<Вариант12>
<Год_x0020_изд>2013</Год_x0020_изд>
<ISBN>978-5-94275-585-0</ISBN>
<Автор_x002C__x0020_название_x0020_книги>Электропривод. Гидро- и виброприводы. Т. IV-2. Кн. 1.  Электропривод</Автор_x002C__x0020_название_x0020_книги>
<Стр>520</Стр>
<Пер_x002F_Обл>п</Пер_x002F_Обл>
<Цена_x002C__x0020_руб>5000</Цена_x002C__x0020_руб>
</Вариант12>
<Вариант12>
<Год_x0020_изд>2013</Год_x0020_изд>
<ISBN>978-5-94275-590-4</ISBN>
<Автор_x002C__x0020_название_x0020_книги>Электропривод. Гидро- и виброприводы. Т. IV-2. Кн. 2. Гидро- и виброприводы</Автор_x002C__x0020_название_x0020_книги>
<Стр>304</Стр>
<Пер_x002F_Обл>п</Пер_x002F_Обл>
<Цена_x002C__x0020_руб>5000</Цена_x002C__x0020_руб>
</Вариант12>
<Вариант12>
<Год_x0020_изд>2003</Год_x0020_изд>
<ISBN>5-217-02884-Х</ISBN>
<Автор_x002C__x0020_название_x0020_книги>Надежность машин. Т. IV-3</Автор_x002C__x0020_название_x0020_книги>
<Стр>592</Стр>
<Пер_x002F_Обл>п</Пер_x002F_Обл>
<Цена_x002C__x0020_руб>5000</Цена_x002C__x0020_руб>
</Вариант12>
<Вариант12>
<Год_x0020_изд>2005</Год_x0020_изд>
<ISBN>5-217-02416-Х</ISBN>
<Автор_x002C__x0020_название_x0020_книги>Машины и оборудование кузнечно-штамповочного и литейного производства.        Т. IV-4</Автор_x002C__x0020_название_x0020_книги>
<Стр>926</Стр>
<Пер_x002F_Обл>п</Пер_x002F_Обл>
<Цена_x002C__x0020_руб>5000</Цена_x002C__x0020_руб>
</Вариант12>
<Вариант12>
<Год_x0020_изд>2004</Год_x0020_изд>
<ISBN>5-217-02418-6</ISBN>
<Автор_x002C__x0020_название_x0020_книги>Машины и агрегаты  металлургического производства. Т. IV-5</Автор_x002C__x0020_название_x0020_книги>
<Стр>912</Стр>
<Пер_x002F_Обл>п</Пер_x002F_Обл>
<Цена_x002C__x0020_руб>5000</Цена_x002C__x0020_руб>
</Вариант12>
<Вариант12>
<Год_x0020_изд>2005</Год_x0020_изд>
<ISBN>5-217-03279-0</ISBN>
<Автор_x002C__x0020_название_x0020_книги>Строительные, дорожные и коммунальные машины. Оборудование для производства строительных материалов. Т. IV-9</Автор_x002C__x0020_название_x0020_книги>
<Стр>736</Стр>
<Пер_x002F_Обл>п</Пер_x002F_Обл>
<Цена_x002C__x0020_руб>5000</Цена_x002C__x0020_руб>
</Вариант12>
<Вариант12>
<Год_x0020_изд>2016</Год_x0020_изд>
<ISBN>978-5-9907638-5-2</ISBN>
<Автор_x002C__x0020_название_x0020_книги>Теплообменные аппараты технологических систем подсистем турбоустановок. Т. IV-10</Автор_x002C__x0020_название_x0020_книги>
<Стр>472</Стр>
<Пер_x002F_Обл>п</Пер_x002F_Обл>
<Цена_x002C__x0020_руб>5000</Цена_x002C__x0020_руб>
</Вариант12>
<Вариант12>
<Год_x0020_изд>2013</Год_x0020_изд>
<ISBN>978-5-94275-623-9</ISBN>
<Автор_x002C__x0020_название_x0020_книги>Двигатели внутреннего сгорания. Т.IV-14</Автор_x002C__x0020_название_x0020_книги>
<Стр>784</Стр>
<Пер_x002F_Обл>п</Пер_x002F_Обл>
<Цена_x002C__x0020_руб>5000</Цена_x002C__x0020_руб>
</Вариант12>
<Вариант12>
<Год_x0020_изд>2003</Год_x0020_изд>
<ISBN>5-217-03181-6</ISBN>
<Автор_x002C__x0020_название_x0020_книги>Машины и оборудование пищевой и перерабатывающей промышленности.         Т.IV-17</Автор_x002C__x0020_название_x0020_книги>
<Стр>736</Стр>
<Пер_x002F_Обл>п</Пер_x002F_Обл>
<Цена_x002C__x0020_руб>5000</Цена_x002C__x0020_руб>
</Вариант12>
<Вариант12>
<Год_x0020_изд>2009</Год_x0020_изд>
<ISBN>978-5-94275-497-6</ISBN>
<Автор_x002C__x0020_название_x0020_книги>Котельные установки. Т. IV-18</Автор_x002C__x0020_название_x0020_книги>
<Стр>400</Стр>
<Пер_x002F_Обл>п</Пер_x002F_Обл>
<Цена_x002C__x0020_руб>5000</Цена_x002C__x0020_руб>
</Вариант12>
<Вариант12>
<Год_x0020_изд>2015</Год_x0020_изд>
<ISBN>978-5-94275-696-3</ISBN>
<Автор_x002C__x0020_название_x0020_книги>Турбинные установки. Т. IV-19</Автор_x002C__x0020_название_x0020_книги>
<Стр>1030</Стр>
<Пер_x002F_Обл>п</Пер_x002F_Обл>
<Цена_x002C__x0020_руб>5000</Цена_x002C__x0020_руб>
</Вариант12>
<Вариант12>
<Год_x0020_изд>2002</Год_x0020_изд>
<ISBN>5-217-03120-4</ISBN>
<Автор_x002C__x0020_название_x0020_книги>Самолеты и вертолеты. Т. IV-21 в 3 кн. Кн. 1. Аэродинамика, динамика полета и прочность</Автор_x002C__x0020_название_x0020_книги>
<Стр>800</Стр>
<Пер_x002F_Обл>п</Пер_x002F_Обл>
<Цена_x002C__x0020_руб>5000</Цена_x002C__x0020_руб>
</Вариант12>
<Вариант12>
<Год_x0020_изд>2004</Год_x0020_изд>
<ISBN>5-217-03121-2</ISBN>
<Автор_x002C__x0020_название_x0020_книги>Самолеты и вертолеты. Т. IV-21 в 3 кн. Кн. 2. Проектирование, конструкции и системы самолетов и вертолетов</Автор_x002C__x0020_название_x0020_книги>
<Стр>752</Стр>
<Пер_x002F_Обл>п</Пер_x002F_Обл>
<Цена_x002C__x0020_руб>5000</Цена_x002C__x0020_руб>
</Вариант12>
<Вариант12>
<Год_x0020_изд>2010</Год_x0020_изд>
<ISBN>978-5-217-03482-6</ISBN>
<Автор_x002C__x0020_название_x0020_книги>Самолеты и вертолеты. Т. IV-21 в 3 кн. Кн. 3. Авиационные двигатели</Автор_x002C__x0020_название_x0020_книги>
<Стр>720</Стр>
<Пер_x002F_Обл>п</Пер_x002F_Обл>
<Цена_x002C__x0020_руб>5000</Цена_x002C__x0020_руб>
</Вариант12>
<Вариант12>
<Год_x0020_изд>2013</Год_x0020_изд>
<ISBN>978-5-94275-589-8</ISBN>
<Автор_x002C__x0020_название_x0020_книги>Ракетно-космическая техника. Т. IV-22 в 2 кн. Кн. 1</Автор_x002C__x0020_название_x0020_книги>
<Стр>925</Стр>
<Пер_x002F_Обл>п</Пер_x002F_Обл>
<Цена_x002C__x0020_руб>5000</Цена_x002C__x0020_руб>
</Вариант12>
<Вариант12>
<Год_x0020_изд>2008</Год_x0020_изд>
<ISBN>978-5-217-03384-3</ISBN>
<Автор_x002C__x0020_название_x0020_книги>Подвижной состав железных дорог. Т. IV-23</Автор_x002C__x0020_название_x0020_книги>
<Стр>656</Стр>
<Пер_x002F_Обл>п</Пер_x002F_Обл>
<Цена_x002C__x0020_руб>5000</Цена_x002C__x0020_руб>
</Вариант12>
<Вариант12>
<Год_x0020_изд>2011</Год_x0020_изд>
<ISBN>978-5-94275-567-6</ISBN>
<Автор_x002C__x0020_название_x0020_книги>Горные машины. Т.  IV-24</Автор_x002C__x0020_название_x0020_книги>
<Стр>496</Стр>
<Пер_x002F_Обл>п</Пер_x002F_Обл>
<Цена_x002C__x0020_руб>5000</Цена_x002C__x0020_руб>
</Вариант12>
<Вариант12>
<Год_x0020_изд>2005</Год_x0020_изд>
<ISBN>5-217-02644-8</ISBN>
<Автор_x002C__x0020_название_x0020_книги>Машиностроение ядерной техники. Т. IV-25.  В 2-х кн.</Автор_x002C__x0020_название_x0020_книги>
<Стр>1904</Стр>
<Пер_x002F_Обл>п</Пер_x002F_Обл>
<Цена_x002C__x0020_руб>7000</Цена_x002C__x0020_руб>
</Вариант12>
<Вариант12/>
<Вариант12/>
<Вариант12/>
<Вариант12/>
<Вариант12/>
<Вариант12/>
<Вариант12/>
<Вариант12/>
</dataroot>
